<application>
  <component name="CodeInsightSettings">
    <option name="completionCaseSensitive" value="2" />
    <option name="SHOW_PARAMETER_NAME_HINTS_ON_COMPLETION" value="true" />
    <option name="COMPLETION_CASE_SENSITIVE" value="2" />
    <option name="USE_INSTANCEOF_ON_EQUALS_PARAMETER" value="true" />
  </component>
  <component name="DefaultFont">
    <option name="FONT_FAMILY" value="Cascadia Code PL" />
  </component>
  <component name="EditorSettings">
    <option name="USE_SOFT_WRAPS" value="" />
    <option name="ENABLE_RENDERED_DOC" value="true" />
  </component>
  <component name="InlayHintsSettings">
    <option name="lastViewedProviderKeyId" value="JavaLens" />
    <settingsMapElement>
      <JAVA.annotation.hints>
        <Settings>
          <option name="showInferred" value="true" />
        </Settings>
      </JAVA.annotation.hints>
      <JAVA.JavaLens>
        <JavaLensSettings>
          <option name="showImplementations" value="true" />
          <option name="showUsages" value="true" />
        </JavaLensSettings>
      </JAVA.JavaLens>
    </settingsMapElement>
  </component>
</application>